Year,Statistic,Name(s),Team(s),#,Date of Birth
1901,Complete Games,Joe McGinnity,Baltimore,39,03-20-1871  (Pisces)
1901,ERA,Cy Young,Boston,1.62,03-29-1867  (Aries)
1901,Games,Joe McGinnity,Baltimore,48,03-20-1871  (Pisces)
1901,Saves,Bill Hoffer,Cleveland,3,11-08-1870  (Scorpio)
1901,Shutouts,Clark Griffith,Chicago,5,11-20-1869  (Scorpio)
1901,Strikeouts,Cy Young,Boston,158,03-29-1867  (Aries)
1901,Winning Percentage,Clark Griffith,Chicago,.774,11-20-1869  (Scorpio)
1901,Wins,Cy Young,Boston,33,03-29-1867  (Aries)
1902,Complete Games,Cy Young,Boston,41,03-29-1867  (Aries)
1902,ERA,Ed Siever,Detroit,1.91,04-02-1875  (Aries)
1902,Games,Cy Young,Boston,45,03-29-1867  (Aries)
1902,Saves,Jack Powell,St. Louis,2,07-09-1874  (Cancer)
1902,Shutouts,Addie Joss,Cleveland,5,04-12-1880  (Aries)
1902,Strikeouts,Rube Waddell,Philadelphia,210,10-13-1876  (Libra)
1902,Winning Percentage,Bill Bernhard,Philadelphia,.783,03-16-1871  (Pisces)
1902,Wins,Cy Young,Boston,32,03-29-1867  (Aries)
1903,Complete Games,Bill Donovan,Detroit,34,10-13-1876  (Libra)
1903,ERA,Earl Moore,Cleveland,1.74,07-29-1877  (Leo)
1903,Games,Eddie Plank,Philadelphia,43,08-31-1875  (Virgo)
1903,Saves,Bill Dinneen,Boston,2,04-05-1876  (Aries)
1903,Shutouts,Cy Young,Boston,7,03-29-1867  (Aries)
1903,Strikeouts,Rube Waddell,Philadelphia,302,10-13-1876  (Libra)
1903,Winning Percentage,Cy Young,Boston,.757,03-29-1867  (Aries)
1903,Wins,Cy Young,Boston,28,03-29-1867  (Aries)
1904,Complete Games,Jack Chesbro,New York,48,06-05-1874  (Gemini)
1904,ERA,Addie Joss,Cleveland,1.59,04-12-1880  (Aries)
1904,Games,Jack Chesbro,New York,55,06-05-1874  (Gemini)
1904,Saves,Case Patten,Washington,3,05-07-1874  (Taurus)
1904,Shutouts,Cy Young,Boston,10,03-29-1867  (Aries)
1904,Strikeouts,Rube Waddell,Philadelphia,349,10-13-1876  (Libra)
1904,Winning Percentage,Jack Chesbro,New York,.774,06-05-1874  (Gemini)
1904,Wins,Jack Chesbro,New York,41,06-05-1874  (Gemini)
1905,Complete Games,Harry Howell,St. Louis,35,11-14-1876  (Scorpio)
1905,ERA,Rube Waddell,Philadelphia,1.48,10-13-1876  (Libra)
1905,Games,Rube Waddell,Philadelphia,46,10-13-1876  (Libra)
1905,Saves,Jim Buchanan,St. Louis,2,07-01-1876  (Cancer)
1905,Shutouts,Ed Killian,Detroit,8,11-12-1876  (Scorpio)
1905,Strikeouts,Rube Waddell,Philadelphia,287,10-13-1876  (Libra)
1905,Winning Percentage,Rube Waddell,Philadelphia,.730,10-13-1876  (Libra)
1905,Wins,Rube Waddell,Philadelphia,27,10-13-1876  (Libra)
1906,Complete Games,Al Orth,New York,36,09-05-1872  (Virgo)
1906,ERA,Doc White,Chicago,1.52,04-09-1879  (Aries)
1906,Games,Jack Chesbro,New York,49,06-05-1874  (Gemini)
1906,Saves,Chief Bender,Philadelphia,3,05-05-1884  (Taurus)
1906,Shutouts,Ed Walsh,Chicago,10,05-19-1881  (Taurus)
1906,Strikeouts,Rube Waddell,Philadelphia,196,10-13-1876  (Libra)
1906,Winning Percentage,Eddie Plank,Philadelphia,.760,08-31-1875  (Virgo)
1906,Wins,Al Orth,New York,27,09-05-1872  (Virgo)
1907,Complete Games,Ed Walsh,Chicago,37,05-19-1881  (Taurus)
1907,ERA,Ed Walsh,Chicago,1.60,05-19-1881  (Taurus)
1907,Games,Ed Walsh,Chicago,56,05-19-1881  (Taurus)
1907,Saves,Bill Dinneen,Philadelphia,4,04-05-1876  (Aries)
1907,Shutouts,Eddie Plank,Philadelphia,8,08-31-1875  (Virgo)
1907,Strikeouts,Rube Waddell,Philadelphia,232,10-13-1876  (Libra)
1907,Winning Percentage,Bill Donovan,Detroit,.862,10-13-1876  (Libra)
1907,Wins,Addie Joss,Cleveland,27,04-12-1880  (Aries)
1908,Complete Games,Ed Walsh,Chicago,42,05-19-1881  (Taurus)
1908,ERA,Addie Joss,Cleveland,1.16,04-12-1880  (Aries)
1908,Games,Ed Walsh,Chicago,66,05-19-1881  (Taurus)
1908,Saves,Ed Walsh,Chicago,6,05-19-1881  (Taurus)
1908,Shutouts,Ed Walsh,Chicago,11,05-19-1881  (Taurus)
1908,Strikeouts,Ed Walsh,Chicago,269,05-19-1881  (Taurus)
1908,Winning Percentage,Ed Walsh,Chicago,.727,05-19-1881  (Taurus)
1908,Wins,Ed Walsh,Chicago,40,05-19-1881  (Taurus)
1909,Complete Games,Frank Smith,Chicago,37,10-28-1879  (Scorpio)
1909,ERA,Harry Krause,Philadelphia,1.39,07-12-1888  (Cancer)
1909,Games,Frank Smith,Chicago,51,10-28-1879  (Scorpio)
1909,Saves,Frank Arellanes,Boston,8,01-28-1882  (Aquarius)
1909,Shutouts,Ed Walsh,Chicago,8,05-19-1881  (Taurus)
1909,Strikeouts,Frank Smith,Chicago,177,10-28-1879  (Scorpio)
1909,Winning Percentage,George Mullin,Detroit,.784,07-04-1880  (Cancer)
1909,Wins,George Mullin,Detroit,29,07-04-1880  (Cancer)
1910,Complete Games,Walter Johnson,Washington,38,11-06-1887  (Scorpio)
1910,ERA,Ed Walsh,Chicago,1.27,05-19-1881  (Taurus)
1910,Games,Ed Walsh,Chicago,45,05-19-1881  (Taurus)
1910,Saves,Ed Walsh,Chicago,5,05-19-1881  (Taurus)
1910,Shutouts,Jack Coombs,Philadelphia,13,11-18-1882  (Scorpio)
1910,Strikeouts,Walter Johnson,Washington,313,11-06-1887  (Scorpio)
1910,Winning Percentage,Chief Bender,Philadelphia,.821,05-05-1884  (Taurus)
1910,Wins,Jack Coombs,Philadelphia,31,11-18-1882  (Scorpio)
1911,Complete Games,Walter Johnson,Washington,36,11-06-1887  (Scorpio)
1911,ERA,Vean Gregg,Cleveland,1.80,04-13-1885  (Aries)
1911,Games,Ed Walsh,Chicago,56,05-19-1881  (Taurus)
1911,Saves,Charley Hall,Boston,4,07-27-1884  (Leo)
1911,Shutouts,Eddie Plank,Philadelphia,6,08-31-1875  (Virgo)
1911,Strikeouts,Ed Walsh,Chicago,255,05-19-1881  (Taurus)
1911,Winning Percentage,Chief Bender,Philadelphia,.773,05-05-1884  (Taurus)
1911,Wins,Jack Coombs,Philadelphia,28,11-18-1882  (Scorpio)
1912,Complete Games,Smoky Joe Wood,Boston,35,10-25-1889  (Scorpio)
1912,ERA,Walter Johnson,Washington,1.39,11-06-1887  (Scorpio)
1912,Games,Ed Walsh,Chicago,62,05-19-1881  (Taurus)
1912,Saves,Ed Walsh,Chicago,10,05-19-1881  (Taurus)
1912,Shutouts,Smoky Joe Wood,Boston,10,10-25-1889  (Scorpio)
1912,Strikeouts,Walter Johnson,Washington,303,11-06-1887  (Scorpio)
1912,Winning Percentage,Smoky Joe Wood,Boston,.872,10-25-1889  (Scorpio)
1912,Wins,Smoky Joe Wood,Boston,34,10-25-1889  (Scorpio)
1913,Complete Games,Walter Johnson,Washington,29,11-06-1887  (Scorpio)
1913,ERA,Walter Johnson,Washington,1.14,11-06-1887  (Scorpio)
1913,Games,Reb Russell,Chicago,52,03-12-1889  (Pisces)
1913,Saves,Chief Bender,Philadelphia,13,05-05-1884  (Taurus)
1913,Shutouts,Walter Johnson,Washington,11,11-06-1887  (Scorpio)
1913,Strikeouts,Walter Johnson,Washington,243,11-06-1887  (Scorpio)
1913,Winning Percentage,Walter Johnson,Washington,.837,11-06-1887  (Scorpio)
1913,Wins,Walter Johnson,Washington,36,11-06-1887  (Scorpio)
1914,Complete Games,Walter Johnson,Washington,33,11-06-1887  (Scorpio)
1914,ERA,Dutch Leonard,Boston,0.96,03-25-1909  (Aries)
1914,Games,Walter Johnson,Washington,51,11-06-1887  (Scorpio)
1914,Saves,Jack Bentley,Washington,4,03-08-1895  (Pisces)
1914,Shutouts,Walter Johnson,Washington,9,11-06-1887  (Scorpio)
1914,Strikeouts,Walter Johnson,Washington,225,11-06-1887  (Scorpio)
1914,Winning Percentage,Chief Bender,Philadelphia,.850,05-05-1884  (Taurus)
1914,Wins,Walter Johnson,Washington,28,11-06-1887  (Scorpio)
1915,Complete Games,Walter Johnson,Washington,35,11-06-1887  (Scorpio)
1915,ERA,Smoky Joe Wood,Boston,1.49,10-25-1889  (Scorpio)
1915,Games,Harry Coveleski,Detroit,50,04-23-1886  (Taurus)
1915,Saves,Carl Mays,Boston,7,11-12-1891  (Scorpio)
1915,Shutouts,Walter Johnson,Washington,7,11-06-1887  (Scorpio)
1915,Strikeouts,Walter Johnson,Washington,203,11-06-1887  (Scorpio)
1915,Winning Percentage,Smoky Joe Wood,Boston,.750,10-25-1889  (Scorpio)
1915,Wins,Walter Johnson,Washington,27,11-06-1887  (Scorpio)
1916,Complete Games,Walter Johnson,Washington,36,11-06-1887  (Scorpio)
1916,ERA,Babe Ruth,Boston,1.75,02-06-1895  (Aquarius)
1916,Games,Dave Davenport,St. Louis,59,02-20-1890  (Pisces)
1916,Saves,Bob Shawkey,New York,8,12-04-1890  (Sagittarius)
1916,Shutouts,Babe Ruth,Boston,9,02-06-1895  (Aquarius)
1916,Strikeouts,Walter Johnson,Washington,228,11-06-1887  (Scorpio)
1916,Winning Percentage,Nick Cullop,New York,.684,09-17-1887  (Virgo)
1916,Wins,Walter Johnson,Washington,25,11-06-1887  (Scorpio)
1917,Complete Games,Babe Ruth,Boston,35,02-06-1895  (Aquarius)
1917,ERA,Eddie Cicotte,Chicago,1.53,06-19-1884  (Gemini)
1917,Games,Dave Danforth,Chicago,50,03-07-1890  (Pisces)
1917,Saves,Dave Danforth,Chicago,9,03-07-1890  (Pisces)
1917,Shutouts,Stan Coveleski,Cleveland,9,07-13-1889  (Cancer)
1917,Strikeouts,Walter Johnson,Washington,188,11-06-1887  (Scorpio)
1917,Winning Percentage,Ed Klepfer,Cleveland,.778,03-17-1888  (Pisces)
1917,Wins,Eddie Cicotte,Chicago,28,06-19-1884  (Gemini)
1918,Complete Games,Carl Mays,Boston,30,11-12-1891  (Scorpio)
1918,ERA,Walter Johnson,Washington,1.27,11-06-1887  (Scorpio)
1918,Games,Jim Bagby,Cleveland,45,10-05-1889  (Libra)
1918,Saves,George Mogridge,New York,7,02-18-1889  (Aquarius)
1918,Shutouts,Walter Johnson,Washington,8,11-06-1887  (Scorpio)
1918,Strikeouts,Walter Johnson,Washington,162,11-06-1887  (Scorpio)
1918,Winning Percentage,Sam Jones,Boston,.762,07-26-1892  (Leo)
1918,Wins,Walter Johnson,Washington,23,11-06-1887  (Scorpio)
1919,Complete Games,Eddie Cicotte,Chicago,30,06-19-1884  (Gemini)
1919,ERA,Walter Johnson,Washington,1.49,11-06-1887  (Scorpio)
1919,Games,Jim Shaw,Washington,45,08-13-1893  (Leo)
1919,Saves,Allan Russell,New York,5,07-31-1893  (Leo)
1919,Shutouts,Walter Johnson,Washington,7,11-06-1887  (Scorpio)
1919,Strikeouts,Walter Johnson,Washington,147,11-06-1887  (Scorpio)
1919,Winning Percentage,Eddie Cicotte,Chicago,.806,06-19-1884  (Gemini)
1919,Wins,Eddie Cicotte,Chicago,29,06-19-1884  (Gemini)
1920,Complete Games,Jim Bagby,Cleveland,30,10-05-1889  (Libra)
1920,ERA,Bob Shawkey,New York,2.45,12-04-1890  (Sagittarius)
1920,Games,Jim Bagby,Cleveland,48,10-05-1889  (Libra)
1920,Saves,Dickie Kerr,Chicago,5,07-03-1893  (Cancer)
1920,Shutouts,Carl Mays,New York,6,11-12-1891  (Scorpio)
1920,Strikeouts,Stan Coveleski,Cleveland,133,07-13-1889  (Cancer)
1920,Winning Percentage,Jim Bagby,Cleveland,.721,10-05-1889  (Libra)
1920,Wins,Jim Bagby,Cleveland,31,10-05-1889  (Libra)
1921,Complete Games,Red Faber,Chicago,32,09-06-1888  (Virgo)
1921,ERA,Red Faber,Chicago,2.48,09-06-1888  (Virgo)
1921,Games,Carl Mays,New York,49,11-12-1891  (Scorpio)
1921,Saves,Carl Mays,New York,7,11-12-1891  (Scorpio)
1921,Shutouts,Sam Jones,Boston,5,07-26-1892  (Leo)
1921,Strikeouts,Walter Johnson,Washington,143,11-06-1887  (Scorpio)
1921,Winning Percentage,Carl Mays,New York,.750,11-12-1891  (Scorpio)
1921,Wins,Carl Mays,New York,27,11-12-1891  (Scorpio)
1922,Complete Games,Red Faber,Chicago,31,09-06-1888  (Virgo)
1922,ERA,Red Faber,Chicago,2.81,09-06-1888  (Virgo)
1922,Games,Eddie Rommel,Philadelphia,51,09-13-1897  (Virgo)
1922,Saves,Sam Jones,New York,8,07-26-1892  (Leo)
1922,Shutouts,George Uhle,Cleveland,5,09-18-1898  (Virgo)
1922,Strikeouts,Urban Shocker,St. Louis,149,08-22-1890  (Leo)
1922,Winning Percentage,Joe Bush,New York,.788,11-27-1892  (Sagittarius)
1922,Wins,Eddie Rommel,Philadelphia,27,09-13-1897  (Virgo)
1923,Complete Games,George Uhle,Cleveland,29,09-18-1898  (Virgo)
1923,ERA,Stan Coveleski,Cleveland,2.76,07-13-1889  (Cancer)
1923,Games,Eddie Rommel,Philadelphia,56,09-13-1897  (Virgo)
1923,Saves,Allan Russell,Washington,9,07-31-1893  (Leo)
1923,Shutouts,Stan Coveleski,Cleveland,5,07-13-1889  (Cancer)
1923,Strikeouts,Walter Johnson,Washington,130,11-06-1887  (Scorpio)
1923,Winning Percentage,Herb Pennock,New York,.760,02-10-1894  (Aquarius)
1923,Wins,George Uhle,Cleveland,26,09-18-1898  (Virgo)
1924,Complete Games,Sloppy Thurston,Chicago,28,06-02-1899  (Gemini)
1924,ERA,Walter Johnson,Washington,2.72,11-06-1887  (Scorpio)
1924,Games,Firpo Marberry,Washington,50,11-30-1898  (Sagittarius)
1924,Saves,Firpo Marberry,Washington,15,11-30-1898  (Sagittarius)
1924,Shutouts,Walter Johnson,Washington,6,11-06-1887  (Scorpio)
1924,Strikeouts,Walter Johnson,Washington,158,11-06-1887  (Scorpio)
1924,Winning Percentage,Walter Johnson,Washington,.767,11-06-1887  (Scorpio)
1924,Wins,Walter Johnson,Washington,23,11-06-1887  (Scorpio)
1925,Complete Games,Howard Ehmke,Boston,22,04-24-1894  (Taurus)
1925,ERA,Stan Coveleski,Washington,2.84,07-13-1889  (Cancer)
1925,Games,Firpo Marberry,Washington,55,11-30-1898  (Sagittarius)
1925,Saves,Firpo Marberry,Washington,15,11-30-1898  (Sagittarius)
1925,Shutouts,Ted Lyons,Chicago,5,12-28-1900  (Capricorn)
1925,Strikeouts,Lefty Grove,Philadelphia,116,03-06-1900  (Pisces)
1925,Winning Percentage,Stan Coveleski,Washington,.800,07-13-1889  (Cancer)
1925,Wins,Ted Lyons,Chicago,21,12-28-1900  (Capricorn)
1926,Complete Games,George Uhle,Cleveland,32,09-18-1898  (Virgo)
1926,ERA,Lefty Grove,Philadelphia,2.51,03-06-1900  (Pisces)
1926,Games,Firpo Marberry,Washington,64,11-30-1898  (Sagittarius)
1926,Saves,Firpo Marberry,Washington,22,11-30-1898  (Sagittarius)
1926,Shutouts,Ed Wells,Detroit,4,06-07-1900  (Gemini)
1926,Strikeouts,Lefty Grove,Philadelphia,194,03-06-1900  (Pisces)
1926,Winning Percentage,George Uhle,Cleveland,.711,09-18-1898  (Virgo)
1926,Wins,George Uhle,Cleveland,27,09-18-1898  (Virgo)
1927,Complete Games,Ted Lyons,Chicago,30,12-28-1900  (Capricorn)
1927,ERA,Wilcy Moore,New York,2.28,05-20-1897  (Taurus)
1927,Games,Garland Braxton,Washington,58,06-10-1900  (Gemini)
1927,Saves,Garland Braxton,Washington,13,06-10-1900  (Gemini)
1927,Shutouts,Hod Lisenbee,Washington,4,09-23-1898  (Virgo)
1927,Strikeouts,Lefty Grove,Philadelphia,174,03-06-1900  (Pisces)
1927,Winning Percentage,Waite Hoyt,New York,.759,09-09-1899  (Virgo)
1927,Wins,Waite Hoyt,New York,22,09-09-1899  (Virgo)
1928,Complete Games,Red Ruffing,Boston,25,05-03-1905  (Taurus)
1928,ERA,Garland Braxton,Washington,2.51,06-10-1900  (Gemini)
1928,Games,Firpo Marberry,Washington,48,11-30-1898  (Sagittarius)
1928,Saves,Waite Hoyt,New York,8,09-09-1899  (Virgo)
1928,Shutouts,Herb Pennock,New York,5,02-10-1894  (Aquarius)
1928,Strikeouts,Lefty Grove,Philadelphia,183,03-06-1900  (Pisces)
1928,Winning Percentage,Alvin Crowder,St. Louis,.808,01-11-1899  (Capricorn)
1928,Wins,Lefty Grove,Philadelphia,24,03-06-1900  (Pisces)
1929,Complete Games,Tommy Thomas,Chicago,24,12-23-1899  (Capricorn)
1929,ERA,Lefty Grove,Philadelphia,2.81,03-06-1900  (Pisces)
1929,Games,Firpo Marberry,Washington,49,11-30-1898  (Sagittarius)
1929,Saves,Firpo Marberry,Washington,11,11-30-1898  (Sagittarius)
1929,Shutouts,George Blaeholder,St. Louis,5,01-26-1904  (Aquarius)
1929,Strikeouts,Lefty Grove,Philadelphia,170,03-06-1900  (Pisces)
1929,Winning Percentage,Lefty Grove,Philadelphia,.769,03-06-1900  (Pisces)
1929,Wins,George Earnshaw,Philadelphia,24,02-15-1900  (Aquarius)
1930,Complete Games,Ted Lyons,Chicago,29,12-28-1900  (Capricorn)
1930,ERA,Lefty Grove,Philadelphia,2.54,03-06-1900  (Pisces)
1930,Games,Lefty Grove,Philadelphia,50,03-06-1900  (Pisces)
1930,Saves,Lefty Grove,Philadelphia,9,03-06-1900  (Pisces)
1930,Shutouts,Clint Brown,Cleveland,3,07-08-1903  (Cancer)
1930,Strikeouts,Lefty Grove,Philadelphia,209,03-06-1900  (Pisces)
1930,Winning Percentage,Lefty Grove,Philadelphia,.848,03-06-1900  (Pisces)
1930,Wins,Lefty Grove,Philadelphia,28,03-06-1900  (Pisces)
1931,Complete Games,Wes Ferrell,Cleveland,27,02-02-1908  (Aquarius)
1931,ERA,Lefty Grove,Philadelphia,2.06,03-06-1900  (Pisces)
1931,Games,Bump Hadley,Washington,55,07-05-1904  (Cancer)
1931,Saves,Wilcy Moore,Boston,10,05-20-1897  (Taurus)
1931,Shutouts,Lefty Grove,Philadelphia,4,03-06-1900  (Pisces)
1931,Strikeouts,Lefty Grove,Philadelphia,175,03-06-1900  (Pisces)
1931,Winning Percentage,Lefty Grove,Philadelphia,.886,03-06-1900  (Pisces)
1931,Wins,Lefty Grove,Philadelphia,31,03-06-1900  (Pisces)
1932,Complete Games,Lefty Grove,Philadelphia,27,03-06-1900  (Pisces)
1932,ERA,Lefty Grove,Philadelphia,2.84,03-06-1900  (Pisces)
1932,Games,Firpo Marberry,Washington,54,11-30-1898  (Sagittarius)
1932,Saves,Firpo Marberry,Washington,13,11-30-1898  (Sagittarius)
1932,Shutouts,Tommy Bridges,Detroit,4,12-28-1906  (Capricorn)
1932,Strikeouts,Red Ruffing,New York,190,05-03-1905  (Taurus)
1932,Winning Percentage,Johnny Allen,New York,.810,09-30-1904  (Libra)
1932,Wins,Alvin Crowder,Washington,26,01-11-1899  (Capricorn)
1933,Complete Games,Lefty Grove,Philadelphia,21,03-06-1900  (Pisces)
1933,ERA,Monte Pearson,Cleveland,2.33,09-02-1908  (Virgo)
1933,Games,Alvin Crowder,Washington,52,01-11-1899  (Capricorn)
1933,Saves,Jack Russell,Washington,13,10-24-1905  (Scorpio)
1933,Shutouts,Oral Hildebrand,Cleveland,6,04-07-1907  (Aries)
1933,Strikeouts,Lefty Gomez,New York,163,11-26-1908  (Sagittarius)
1933,Winning Percentage,Lefty Grove,Philadelphia,.750,03-06-1900  (Pisces)
1933,Wins,Lefty Grove,Philadelphia,24,03-06-1900  (Pisces)
1934,Complete Games,Lefty Gomez,New York,25,11-26-1908  (Sagittarius)
1934,ERA,Lefty Gomez,New York,2.33,11-26-1908  (Sagittarius)
1934,Games,Jack Russell,Washington,54,10-24-1905  (Scorpio)
1934,Saves,Jack Russell,Washington,7,10-24-1905  (Scorpio)
1934,Shutouts,Mel Harder,Cleveland,6,10-15-1909  (Libra)
1934,Strikeouts,Lefty Gomez,New York,158,11-26-1908  (Sagittarius)
1934,Winning Percentage,Lefty Gomez,New York,.839,11-26-1908  (Sagittarius)
1934,Wins,Lefty Gomez,New York,26,11-26-1908  (Sagittarius)
1935,Complete Games,Wes Ferrell,Boston,31,02-02-1908  (Aquarius)
1935,ERA,Lefty Grove,Boston,2.70,03-06-1900  (Pisces)
1935,Games,Russ Van Atta,New York,58,06-21-1906  (Gemini)
1935,Saves,Jack Knott,St. Louis,7,03-02-1907  (Pisces)
1935,Shutouts,Schoolboy Rowe,Detroit,6,01-11-1910  (Capricorn)
1935,Strikeouts,Tommy Bridges,Detroit,163,12-28-1906  (Capricorn)
1935,Winning Percentage,Elden Auker,Detroit,.720,09-21-1910  (Virgo)
1935,Wins,Wes Ferrell,Boston,25,02-02-1908  (Aquarius)
1936,Complete Games,Wes Ferrell,Boston,28,02-02-1908  (Aquarius)
1936,ERA,Lefty Grove,Philadelphia,2.81,03-06-1900  (Pisces)
1936,Games,Russ Van Atta,St. Louis,52,06-21-1906  (Gemini)
1936,Saves,Pat Malone,New York,9,09-25-1902  (Libra)
1936,Shutouts,Lefty Grove,Philadelphia,6,03-06-1900  (Pisces)
1936,Strikeouts,Tommy Bridges,Detroit,175,12-28-1906  (Capricorn)
1936,Winning Percentage,Bump Hadley,New York,.778,07-05-1904  (Cancer)
1936,Wins,Tommy Bridges,Detroit,23,12-28-1906  (Capricorn)
1937,Complete Games,Wes Ferrell,Boston,26,02-02-1908  (Aquarius)
1937,ERA,Lefty Gomez,New York,2.33,11-26-1908  (Sagittarius)
1937,Games,Clint Brown,Chicago,53,07-08-1903  (Cancer)
1937,Saves,Clint Brown,Chicago,18,07-08-1903  (Cancer)
1937,Shutouts,Lefty Gomez,New York,6,11-26-1908  (Sagittarius)
1937,Strikeouts,Lefty Gomez,New York,194,11-26-1908  (Sagittarius)
1937,Winning Percentage,Johnny Allen,Cleveland,.938,09-30-1904  (Libra)
1937,Wins,Lefty Gomez,New York,21,11-26-1908  (Sagittarius)
1938,Complete Games,Bobo Newsom,St. Louis,31,08-11-1907  (Leo)
1938,ERA,Lefty Grove,Boston,3.08,03-06-1900  (Pisces)
1938,Games,Johnny Humphries,Cleveland,45,06-23-1915  (Cancer)
1938,Saves,Johnny Murphy,New York,11,07-14-1908  (Cancer)
1938,Shutouts,Lefty Gomez,New York,4,11-26-1908  (Sagittarius)
1938,Strikeouts,Bob Feller,Cleveland,240,11-03-1918  (Scorpio)
1938,Winning Percentage,Red Ruffing,New York,.750,05-03-1905  (Taurus)
1938,Wins,Red Ruffing,New York,21,05-03-1905  (Taurus)
1939,Complete Games,Bobo Newsom,St. Louis,24,08-11-1907  (Leo)
1939,ERA,Lefty Grove,Boston,2.54,03-06-1900  (Pisces)
1939,Games,Clint Brown,Chicago,61,07-08-1903  (Cancer)
1939,Saves,Johnny Murphy,New York,19,07-14-1908  (Cancer)
1939,Shutouts,Red Ruffing,New York,5,05-03-1905  (Taurus)
1939,Strikeouts,Bob Feller,Cleveland,246,11-03-1918  (Scorpio)
1939,Winning Percentage,Lefty Grove,Boston,.789,03-06-1900  (Pisces)
1939,Wins,Bob Feller,Cleveland,24,11-03-1918  (Scorpio)
1940,Complete Games,Bob Feller,Cleveland,31,11-03-1918  (Scorpio)
1940,ERA,Bob Feller,Cleveland,2.61,11-03-1918  (Scorpio)
1940,Games,Bob Feller,Cleveland,43,11-03-1918  (Scorpio)
1940,Saves,Al Benton,Detroit,17,03-18-1911  (Pisces)
1940,Shutouts,Bob Feller,Cleveland,4,11-03-1918  (Scorpio)
1940,Strikeouts,Bob Feller,Cleveland,261,11-03-1918  (Scorpio)
1940,Winning Percentage,Schoolboy Rowe,Detroit,.842,01-11-1910  (Capricorn)
1940,Wins,Bob Feller,Cleveland,27,11-03-1918  (Scorpio)
1941,Complete Games,Thornton Lee,Chicago,30,09-13-1906  (Virgo)
1941,ERA,Thornton Lee,Chicago,2.37,09-13-1906  (Virgo)
1941,Games,Bob Feller,Cleveland,44,11-03-1918  (Scorpio)
1941,Saves,Johnny Murphy,New York,15,07-14-1908  (Cancer)
1941,Shutouts,Bob Feller,Cleveland,6,11-03-1918  (Scorpio)
1941,Strikeouts,Bob Feller,Cleveland,260,11-03-1918  (Scorpio)
1941,Winning Percentage,Lefty Gomez,New York,.750,11-26-1908  (Sagittarius)
1941,Wins,Bob Feller,Cleveland,25,11-03-1918  (Scorpio)
1942,Complete Games,Tiny Bonham,New York,22,08-16-1913  (Leo)
1942,ERA,Ted Lyons,Chicago,2.10,12-28-1900  (Capricorn)
1942,Games,Joe Haynes,Chicago,40,09-21-1917  (Virgo)
1942,Saves,Johnny Murphy,New York,11,07-14-1908  (Cancer)
1942,Shutouts,Tiny Bonham,New York,6,08-16-1913  (Leo)
1942,Strikeouts,Tex Hughson,Boston,113,02-09-1916  (Aquarius)
1942,Winning Percentage,Tiny Bonham,New York,.808,08-16-1913  (Leo)
1942,Wins,Tex Hughson,Boston,22,02-09-1916  (Aquarius)
1943,Complete Games,Spud Chandler,New York,20,09-12-1907  (Virgo)
1943,ERA,Spud Chandler,New York,1.64,09-12-1907  (Virgo)
1943,Games,Mace Brown,Boston,49,05-21-1909  (Taurus)
1943,Saves,Gordon Maltzberger,Chicago,14,09-04-1912  (Virgo)
1943,Shutouts,Spud Chandler,New York,5,09-12-1907  (Virgo)
1943,Strikeouts,Allie Reynolds,Cleveland,151,02-10-1917  (Aquarius)
1943,Winning Percentage,Spud Chandler,New York,.833,09-12-1907  (Virgo)
1943,Wins,Spud Chandler,New York,20,09-12-1907  (Virgo)
1944,Complete Games,Dizzy Trout,Detroit,33,06-29-1915  (Cancer)
1944,ERA,Dizzy Trout,Detroit,2.12,06-29-1915  (Cancer)
1944,Games,Joe Heving,Cleveland,63,09-02-1900  (Virgo)
1944,Saves,Joe Berry,Philadelphia,12,12-16-1904  (Sagittarius)
1944,Shutouts,Dizzy Trout,Detroit,7,06-29-1915  (Cancer)
1944,Strikeouts,Hal Newhouser,Detroit,187,05-20-1921  (Taurus)
1944,Winning Percentage,Tex Hughson,Boston,.783,02-09-1916  (Aquarius)
1944,Wins,Hal Newhouser,Detroit,29,05-20-1921  (Taurus)
1945,Complete Games,Hal Newhouser,Detroit,29,05-20-1921  (Taurus)
1945,ERA,Hal Newhouser,Detroit,1.81,05-20-1921  (Taurus)
1945,Games,Joe Berry,Philadelphia,52,12-16-1904  (Sagittarius)
1945,Saves,Jim Turner,New York,10,08-06-1903  (Leo)
1945,Shutouts,Hal Newhouser,Detroit,8,05-20-1921  (Taurus)
1945,Strikeouts,Hal Newhouser,Detroit,212,05-20-1921  (Taurus)
1945,Winning Percentage,Hal Newhouser,Detroit,.735,05-20-1921  (Taurus)
1945,Wins,Hal Newhouser,Detroit,25,05-20-1921  (Taurus)
1946,Complete Games,Bob Feller,Cleveland,36,11-03-1918  (Scorpio)
1946,ERA,Hal Newhouser,Detroit,1.94,05-20-1921  (Taurus)
1946,Games,Bob Feller,Cleveland,48,11-03-1918  (Scorpio)
1946,Saves,Bob Klinger,Boston,9,06-04-1908  (Gemini)
1946,Shutouts,Bob Feller,Cleveland,10,11-03-1918  (Scorpio)
1946,Strikeouts,Bob Feller,Cleveland,348,11-03-1918  (Scorpio)
1946,Winning Percentage,Dave Ferriss,Boston,.806,12-05-1921  (Sagittarius)
1946,Wins,Bob Feller,Cleveland,26,11-03-1918  (Scorpio)
1947,Complete Games,Hal Newhouser,Detroit,24,05-20-1921  (Taurus)
1947,ERA,Joe Haynes,Chicago,2.42,09-21-1917  (Virgo)
1947,Games,Ed Klieman,Cleveland,58,03-21-1918  (Aries)
1947,Saves,Ed Klieman,Cleveland,17,03-21-1918  (Aries)
1947,Shutouts,Bob Feller,Cleveland,5,11-03-1918  (Scorpio)
1947,Strikeouts,Bob Feller,Cleveland,196,11-03-1918  (Scorpio)
1947,Winning Percentage,Allie Reynolds,New York,.704,02-10-1917  (Aquarius)
1947,Wins,Bob Feller,Cleveland,20,11-03-1918  (Scorpio)
1948,Complete Games,Bob Lemon,Cleveland,20,09-22-1920  (Virgo)
1948,ERA,Gene Bearden,Cleveland,2.43,09-05-1920  (Virgo)
1948,Games,Joe Page,New York,55,10-28-1917  (Scorpio)
1948,Saves,Russ Christopher,Cleveland,17,09-12-1917  (Virgo)
1948,Shutouts,Bob Lemon,Cleveland,10,09-22-1920  (Virgo)
1948,Strikeouts,Bob Feller,Cleveland,164,11-03-1918  (Scorpio)
1948,Winning Percentage,Jack Kramer,Boston,.783,01-05-1918  (Capricorn)
1948,Wins,Hal Newhouser,Detroit,21,05-20-1921  (Taurus)
1949,Complete Games,Mel Parnell,Boston,27,06-13-1922  (Gemini)
1949,ERA,Mike Garcia,Cleveland,2.36,11-17-1923  (Scorpio)
1949,Games,Joe Page,New York,60,10-28-1917  (Scorpio)
1949,Saves,Joe Page,New York,27,10-28-1917  (Scorpio)
1949,Shutouts,Ellis Kinder,Boston,6,07-26-1914  (Leo)
1949,Strikeouts,Virgil Trucks,Detroit,153,04-26-1917  (Taurus)
1949,Winning Percentage,Ellis Kinder,Boston,.793,07-26-1914  (Leo)
1949,Wins,Mel Parnell,Boston,25,06-13-1922  (Gemini)
1950,Complete Games,Ned Garver,St. Louis,22,12-25-1925  (Capricorn)
1950,Complete Games,Bob Lemon,Cleveland,22,09-22-1920  (Virgo)
1950,ERA,Early Wynn,Cleveland,3.20,01-06-1920  (Capricorn)
1950,Games,Mickey Harris,Washington,53,01-30-1917  (Aquarius)
1950,Saves,Mickey Harris,Washington,15,01-30-1917  (Aquarius)
1950,Shutouts,Art Houtteman,Detroit,4,08-07-1927  (Leo)
1950,Strikeouts,Bob Lemon,Cleveland,170,09-22-1920  (Virgo)
1950,Winning Percentage,Vic Raschi,New York,.724,03-28-1919  (Aries)
1950,Wins,Bob Lemon,Cleveland,23,09-22-1920  (Virgo)
1951,Complete Games,Ned Garver,St. Louis,24,12-25-1925  (Capricorn)
1951,ERA,Saul Rogovin,Detroit,2.78,10-10-1923  (Libra)
1951,Games,Ellis Kinder,Boston,63,07-26-1914  (Leo)
1951,Saves,Ellis Kinder,Boston,14,07-26-1914  (Leo)
1951,Shutouts,Allie Reynolds,New York,7,02-10-1917  (Aquarius)
1951,Strikeouts,Vic Raschi,New York,164,03-28-1919  (Aries)
1951,Winning Percentage,Bob Feller,Cleveland,.733,11-03-1918  (Scorpio)
1951,Wins,Bob Feller,Cleveland,22,11-03-1918  (Scorpio)
1952,Complete Games,Bob Lemon,Cleveland,28,09-22-1920  (Virgo)
1952,ERA,Allie Reynolds,New York,2.06,02-10-1917  (Aquarius)
1952,Games,Bill Kennedy,Chicago,47,03-14-1921  (Pisces)
1952,Saves,Harry Dorish,Chicago,11,07-13-1921  (Cancer)
1952,Shutouts,Mike Garcia,Cleveland,6,11-17-1923  (Scorpio)
1952,Strikeouts,Allie Reynolds,New York,160,02-10-1917  (Aquarius)
1952,Winning Percentage,Bobby Shantz,Philadelphia,.774,09-26-1925  (Libra)
1952,Wins,Bobby Shantz,Philadelphia,24,09-26-1925  (Libra)
1953,Complete Games,Bob Porterfield,Washington,24,08-10-1923  (Leo)
1953,ERA,Ed Lopat,New York,2.42,06-21-1918  (Gemini)
1953,Games,Ellis Kinder,Boston,69,07-26-1914  (Leo)
1953,Saves,Ellis Kinder,Boston,27,07-26-1914  (Leo)
1953,Shutouts,Bob Porterfield,Washington,9,08-10-1923  (Leo)
1953,Strikeouts,Billy Pierce,New York,186,04-02-1927  (Aries)
1953,Winning Percentage,Ed Lopat,New York,.800,06-21-1918  (Gemini)
1953,Wins,Bob Porterfield,Washington,22,08-10-1923  (Leo)
1954,Complete Games,Bob Lemon,Cleveland,21,09-22-1920  (Virgo)
1954,ERA,Mike Garcia,Cleveland,2.64,11-17-1923  (Scorpio)
1954,Games,Sonny Dixon,Washington,54,11-05-1924  (Scorpio)
1954,Saves,Johnny Sain,New York,22,09-25-1917  (Libra)
1954,Shutouts,Mike Garcia,Cleveland,5,11-17-1923  (Scorpio)
1954,Strikeouts,Bob Turley,Baltimore,185,09-19-1930  (Virgo)
1954,Winning Percentage,Sandy Consuegra,Chicago,.842,09-03-1920  (Virgo)
1954,Wins,Bob Lemon,Cleveland,23,09-22-1920  (Virgo)
1955,Complete Games,Whitey Ford,New York,18,10-21-1928  (Libra)
1955,ERA,Billy Pierce,Chicago,1.97,04-02-1927  (Aries)
1955,Games,Ray Narleski,Cleveland,60,11-25-1928  (Sagittarius)
1955,Saves,Ray Narleski,Cleveland,19,11-25-1928  (Sagittarius)
1955,Shutouts,Billy Hoeft,Detroit,7,05-17-1932  (Taurus)
1955,Strikeouts,Herb Score,Cleveland,245,06-07-1933  (Gemini)
1955,Winning Percentage,Tommy Byrne,New York,.762,12-31-1919  (Capricorn)
1955,Wins,Whitey Ford,New York,18,10-21-1928  (Libra)
1956,Complete Games,Bob Lemon,Cleveland,21,09-22-1920  (Virgo)
1956,ERA,Whitey Ford,New York,2.47,10-21-1928  (Libra)
1956,Games,George Zuverink,Baltimore,62,08-20-1924  (Leo)
1956,Saves,George Zuverink,Baltimore,16,08-20-1924  (Leo)
1956,Shutouts,Herb Score,Cleveland,5,06-07-1933  (Gemini)
1956,Strikeouts,Herb Score,Cleveland,263,06-07-1933  (Gemini)
1956,Winning Percentage,Whitey Ford,New York,.760,10-21-1928  (Libra)
1956,Wins,Frank Lary,Detroit,21,04-10-1930  (Aries)
1957,Complete Games,Dick Donovan,Chicago,16,12-07-1927  (Sagittarius)
1957,ERA,Bobby Shantz,New York,2.45,09-26-1925  (Libra)
1957,Games,George Zuverink,Baltimore,56,08-20-1924  (Leo)
1957,Saves,Bob Grim,New York,19,03-08-1930  (Pisces)
1957,Shutouts,Jim Wilson,Chicago,5,02-20-1922  (Pisces)
1957,Strikeouts,Early Wynn,Cleveland,184,01-06-1920  (Capricorn)
1957,Winning Percentage,Dick Donovan,Chicago,.727,12-07-1927  (Sagittarius)
1957,Wins,Jim Bunning,Detroit,20,10-23-1931  (Libra)
1958,Complete Games,Frank Lary,Detroit,19,04-10-1930  (Aries)
1958,ERA,Whitey Ford,New York,2.01,10-21-1928  (Libra)
1958,Games,Tex Clevenger,Washington,55,07-09-1932  (Cancer)
1958,Saves,Ryne Duren,New York,20,02-22-1929  (Pisces)
1958,Shutouts,Whitey Ford,New York,7,10-21-1928  (Libra)
1958,Strikeouts,Early Wynn,Chicago,179,01-06-1920  (Capricorn)
1958,Winning Percentage,Bob Turley,New York,.750,09-19-1930  (Virgo)
1958,Wins,Bob Turley,New York,21,09-19-1930  (Virgo)
1959,Complete Games,Camilo Pascual,Washington,17,01-20-1934  (Capricorn)
1959,ERA,Hoyt Wilhelm,Baltimore,2.19,07-26-1923  (Leo)
1959,Games,Gerry Staley,Chicago,67,08-21-1920  (Leo)
1959,Saves,Turk Lown,Chicago,15,05-30-1924  (Gemini)
1959,Shutouts,Camilo Pascual,Washington,6,01-20-1934  (Capricorn)
1959,Strikeouts,Jim Bunning,Detroit,201,10-23-1931  (Libra)
1959,Winning Percentage,Bob Shaw,Chicago,.750,06-29-1933  (Cancer)
1959,Wins,Early Wynn,Chicago,22,01-06-1920  (Capricorn)
1960,Complete Games,Frank Lary,Detroit,15,04-10-1930  (Aries)
1960,ERA,Frank Baumann,Chicago,2.67,07-01-1933  (Cancer)
1960,Games,Mike Fornieles,Boston,70,01-18-1932  (Capricorn)
1960,Saves,Johnny Klippstein,Cleveland,14,10-17-1927  (Libra)
1960,Shutouts,Whitey Ford,New York,4,10-21-1928  (Libra)
1960,Strikeouts,Jim Bunning,Detroit,201,10-23-1931  (Libra)
1960,Winning Percentage,Jim Perry,Cleveland,.643,10-30-1935  (Scorpio)
1960,Wins,Chuck Estrada,Baltimore,18,02-15-1938  (Aquarius)
1961,Complete Games,Frank Lary,Detroit,22,04-10-1930  (Aries)
1961,ERA,Dick Donovan,Washington,2.40,12-07-1927  (Sagittarius)
1961,Games,Luis Arroyo,New York,65,02-18-1927  (Aquarius)
1961,Saves,Luis Arroyo,New York,29,02-18-1927  (Aquarius)
1961,Shutouts,Steve Barber,Baltimore,8,02-22-1938  (Pisces)
1961,Strikeouts,Camilo Pascual,Minnesota,221,01-20-1934  (Capricorn)
1961,Winning Percentage,Whitey Ford,New York,.862,10-21-1928  (Libra)
1961,Wins,Whitey Ford,New York,25,10-21-1928  (Libra)
1962,Complete Games,Camilo Pascual,Minnesota,18,01-20-1934  (Capricorn)
1962,ERA,Hank Aguirre,Detroit,2.21,01-31-1931  (Aquarius)
1962,Games,Dick Radatz,Boston,62,04-02-1937  (Aries)
1962,Saves,Dick Radatz,Boston,24,04-02-1937  (Aries)
1962,Shutouts,Dick Donovan,Cleveland,5,12-07-1927  (Sagittarius)
1962,Strikeouts,Camilo Pascual,Minnesota,206,01-20-1934  (Capricorn)
1962,Winning Percentage,Ray Herbert,Chicago,.690,12-15-1929  (Sagittarius)
1962,Wins,Ralph Terry,New York,23,01-09-1936  (Capricorn)
1963,Complete Games,Camilo Pascual,Minnesota,18,01-20-1934  (Capricorn)
1963,ERA,Gary Peters,Chicago,2.33,04-21-1937  (Taurus)
1963,Games,Stu Miller,Baltimore,71,12-26-1927  (Capricorn)
1963,Saves,Stu Miller,Baltimore,27,12-26-1927  (Capricorn)
1963,Shutouts,Ray Herbert,Chicago,7,12-15-1929  (Sagittarius)
1963,Strikeouts,Camilo Pascual,Minnesota,202,01-20-1934  (Capricorn)
1963,Winning Percentage,Whitey Ford,New York,.774,10-21-1928  (Libra)
1963,Wins,Whitey Ford,New York,24,10-21-1928  (Libra)
1964,Complete Games,Dean Chance,Los Angeles,19,06-01-1941  (Gemini)
1964,ERA,Dean Chance,Los Angeles,1.65,06-01-1941  (Gemini)
1964,Games,John Wyatt,Kansas City,81,04-19-1935  (Aries)
1964,Saves,Dick Radatz,Boston,29,04-02-1937  (Aries)
1964,Shutouts,Dean Chance,Los Angeles,11,06-01-1941  (Gemini)
1964,Strikeouts,Al Downing,New York,217,06-28-1941  (Cancer)
1964,Winning Percentage,Wally Bunker,Baltimore,.792,01-25-1945  (Aquarius)
1964,Wins,Dean Chance,Los Angeles,20,06-01-1941  (Gemini)
1965,Complete Games,Mel Stottlemyre,New York,18,11-13-1941  (Scorpio)
1965,ERA,Sam McDowell,Cleveland,2.18,09-21-1942  (Virgo)
1965,Games,Eddie Fisher,Chicago,82,07-16-1936  (Cancer)
1965,Saves,Ron Kline,Washington,29,03-09-1932  (Pisces)
1965,Shutouts,Mudcat Grant,Minnesota,6,08-13-1935  (Leo)
1965,Strikeouts,Sam McDowell,Cleveland,325,09-21-1942  (Virgo)
1965,Winning Percentage,Mudcat Grant,Minnesota,.750,08-13-1935  (Leo)
1965,Wins,Mudcat Grant,Minnesota,21,08-13-1935  (Leo)
1966,Complete Games,Jim Kaat,Minnesota,19,11-07-1938  (Scorpio)
1966,ERA,Gary Peters,Chicago,1.98,04-21-1937  (Taurus)
1966,Games,Eddie Fisher,Baltimore,67,07-16-1936  (Cancer)
1966,Saves,Jack Aker,Kansas City,32,07-13-1940  (Cancer)
1966,Shutouts,Tommy John,Chicago,5,05-22-1943  (Gemini)
1966,Strikeouts,Sam McDowell,Cleveland,225,09-21-1942  (Virgo)
1966,Winning Percentage,Sonny Siebert,Cleveland,.667,01-14-1937  (Capricorn)
1966,Wins,Jim Kaat,Minnesota,25,11-07-1938  (Scorpio)
1967,Complete Games,Dean Chance,Minnesota,18,06-01-1941  (Gemini)
1967,ERA,Joe Horlen,Chicago,2.06,08-14-1937  (Leo)
1967,Games,Bob Locker,Chicago,77,03-15-1938  (Pisces)
1967,Saves,Minnie Rojas,California,27,11-26-1933  (Sagittarius)
1967,Shutouts,Steve Hargan,Cleveland,6,09-08-1942  (Virgo)
1967,Strikeouts,Jim Lonborg,Boston,246,04-16-1942  (Aries)
1967,Winning Percentage,Joe Horlen,Chicago,.731,08-14-1937  (Leo)
1967,Wins,Jim Lonborg,Boston,22,04-16-1942  (Aries)
1968,Complete Games,Denny McLain,Detroit,28,03-29-1944  (Aries)
1968,ERA,Luis Tiant,Cleveland,1.60,11-23-1940  (Sagittarius)
1968,Games,Wilbur Wood,Chicago,88,10-22-1941  (Libra)
1968,Saves,Al Worthington,Minnesota,18,02-05-1929  (Aquarius)
1968,Shutouts,Luis Tiant,Cleveland,9,11-23-1940  (Sagittarius)
1968,Strikeouts,Sam McDowell,Cleveland,283,09-21-1942  (Virgo)
1968,Winning Percentage,Denny McLain,Detroit,.838,03-29-1944  (Aries)
1968,Wins,Denny McLain,Detroit,31,03-29-1944  (Aries)
1969,Complete Games,Mel Stottlemyre,New York,24,11-13-1941  (Scorpio)
1969,ERA,Dick Bosman,Washington,2.19,02-17-1944  (Aquarius)
1969,Games,Wilbur Wood,Chicago,76,10-22-1941  (Libra)
1969,Saves,Ron Perranoski,Minnesota,31,04-01-1936  (Aries)
1969,Shutouts,Denny McLain,Detroit,9,03-29-1944  (Aries)
1969,Strikeouts,Sam McDowell,Cleveland,279,09-21-1942  (Virgo)
1969,Winning Percentage,Jim Palmer,Baltimore,.800,10-15-1945  (Libra)
1969,Wins,Denny McLain,Detroit,24,03-29-1944  (Aries)
1970,Complete Games,Mike Cuellar,Baltimore,21,05-08-1937  (Taurus)
1970,ERA,Diego Segui,Oakland,2.56,08-17-1937  (Leo)
1970,Games,Wilbur Wood,Chicago,77,10-22-1941  (Libra)
1970,Saves,Ron Perranoski,Minnesota,34,04-01-1936  (Aries)
1970,Shutouts,Chuck Dobson,Oakland,5,01-10-1944  (Capricorn)
1970,Strikeouts,Sam McDowell,Cleveland,304,09-21-1942  (Virgo)
1970,Winning Percentage,Mike Cuellar,Baltimore,.750,05-08-1937  (Taurus)
1970,Wins,Mike Cuellar,Baltimore,24,05-08-1937  (Taurus)
1971,Complete Games,Mickey Lolich,Detroit,29,09-12-1940  (Virgo)
1971,ERA,Vida Blue,Oakland,1.82,07-28-1949  (Leo)
1971,Games,Ken Sanders,Milwaukee,83,07-08-1941  (Cancer)
1971,Saves,Ken Sanders,Milwaukee,31,07-08-1941  (Cancer)
1971,Shutouts,Vida Blue,Oakland,8,07-28-1949  (Leo)
1971,Strikeouts,Mickey Lolich,Detroit,308,09-12-1940  (Virgo)
1971,Winning Percentage,Dave McNally,Baltimore,.808,10-31-1942  (Scorpio)
1971,Wins,Mickey Lolich,Detroit,25,09-12-1940  (Virgo)
1972,Complete Games,Gaylord Perry,Cleveland,29,09-15-1938  (Virgo)
1972,ERA,Luis Tiant,Boston,1.91,11-23-1940  (Sagittarius)
1972,Games,Paul Lindblad,Texas,66,08-09-1941  (Leo)
1972,Saves,Sparky Lyle,New York,35,07-22-1944  (Cancer)
1972,Shutouts,Nolan Ryan,California,9,01-31-1947  (Aquarius)
1972,Strikeouts,Nolan Ryan,California,329,01-31-1947  (Aquarius)
1972,Winning Percentage,Catfish Hunter,Oakland,.750,04-08-1946  (Aries)
1972,Wins,Gaylord Perry,Cleveland,24,09-15-1938  (Virgo)
1973,Complete Games,Gaylord Perry,Cleveland,29,09-15-1938  (Virgo)
1973,ERA,Jim Palmer,Baltimore,2.40,10-15-1945  (Libra)
1973,Games,John Hiller,Detroit,65,04-08-1943  (Aries)
1973,Saves,John Hiller,Detroit,38,04-08-1943  (Aries)
1973,Shutouts,Bert Blyleven,Minnesota,9,04-06-1951  (Aries)
1973,Strikeouts,Nolan Ryan,California,383,01-31-1947  (Aquarius)
1973,Winning Percentage,Catfish Hunter,Oakland,.808,04-08-1946  (Aries)
1973,Wins,Wilbur Wood,Chicago,24,10-22-1941  (Libra)
1974,Complete Games,Fergie Jenkins,Texas,29,12-13-1942  (Sagittarius)
1974,ERA,Catfish Hunter,Oakland,2.49,04-08-1946  (Aries)
1974,Games,Rollie Fingers,Oakland,76,08-25-1946  (Virgo)
1974,Saves,Terry Forster,Chicago,24,01-14-1952  (Capricorn)
1974,Shutouts,Luis Tiant,Boston,7,11-23-1940  (Sagittarius)
1974,Strikeouts,Nolan Ryan,California,367,01-31-1947  (Aquarius)
1974,Winning Percentage,Mike Cuellar,Baltimore,.688,05-08-1937  (Taurus)
1974,Wins,Catfish Hunter,Oakland,25,04-08-1946  (Aries)
1975,Complete Games,Catfish Hunter,New York,30,04-08-1946  (Aries)
1975,ERA,Jim Palmer,Baltimore,2.09,10-15-1945  (Libra)
1975,Games,Rollie Fingers,Oakland,75,08-25-1946  (Virgo)
1975,Saves,Rich Gossage,Chicago,26,07-05-1951  (Cancer)
1975,Shutouts,Jim Palmer,Baltimore,10,10-15-1945  (Libra)
1975,Strikeouts,Frank Tanana,California,269,07-03-1953  (Cancer)
1975,Winning Percentage,Mike Torrez,Baltimore,.690,08-28-1946  (Virgo)
1975,Wins,Catfish Hunter,New York,23,04-08-1946  (Aries)
1976,Complete Games,Mark Fidrych,Detroit,24,08-14-1954  (Leo)
1976,ERA,Mark Fidrych,Detroit,2.34,08-14-1954  (Leo)
1976,Games,Bill Campbell,Minnesota,78,08-09-1948  (Leo)
1976,Saves,Sparky Lyle,New York,23,07-22-1944  (Cancer)
1976,Shutouts,Nolan Ryan,California,7,01-31-1947  (Aquarius)
1976,Strikeouts,Nolan Ryan,California,327,01-31-1947  (Aquarius)
1976,Winning Percentage,Bill Campbell,Minnesota,.773,08-09-1948  (Leo)
1976,Wins,Jim Palmer,Baltimore,22,10-15-1945  (Libra)
1977,Complete Games,Jim Palmer,Baltimore,22,10-15-1945  (Libra)
1977,ERA,Frank Tanana,California,2.54,07-03-1953  (Cancer)
1977,Games,Sparky Lyle,New York,72,07-22-1944  (Cancer)
1977,Saves,Bill Campbell,Boston,31,08-09-1948  (Leo)
1977,Shutouts,Frank Tanana,California,7,07-03-1953  (Cancer)
1977,Strikeouts,Nolan Ryan,California,341,01-31-1947  (Aquarius)
1977,Winning Percentage,Paul Splittorff,Kansas City,.727,10-08-1946  (Libra)
1977,Wins,Dave Goltz,Minnesota,20,06-23-1949  (Cancer)
1978,Complete Games,Mike Caldwell,Milwaukee,23,01-22-1949  (Aquarius)
1978,ERA,Ron Guidry,New York,1.74,08-28-1950  (Virgo)
1978,Games,Bob Lacey,Oakland,74,08-25-1953  (Virgo)
1978,Saves,Rich Gossage,New York,27,07-05-1951  (Cancer)
1978,Shutouts,Ron Guidry,New York,9,08-28-1950  (Virgo)
1978,Strikeouts,Nolan Ryan,California,260,01-31-1947  (Aquarius)
1978,Winning Percentage,Ron Guidry,New York,.893,08-28-1950  (Virgo)
1978,Wins,Ron Guidry,New York,25,08-28-1950  (Virgo)
1980,Complete Games,Rick Langford,Oakland,28,03-20-1952  (Pisces)
1980,ERA,Rudy May,New York,2.46,07-18-1944  (Cancer)
1980,Games,Dan Quisenberry,Kansas City,75,02-07-1953  (Aquarius)
1980,Saves,Rich Gossage,New York,33,07-05-1951  (Cancer)
1980,Shutouts,Tommy John,New York,6,05-22-1943  (Gemini)
1980,Strikeouts,Len Barker,Cleveland,187,07-07-1955  (Cancer)
1980,Winning Percentage,Steve Stone,Baltimore,.781,07-14-1947  (Cancer)
1980,Wins,Steve Stone,Baltimore,25,07-14-1947  (Cancer)
1981,Complete Games,Rick Langford,Oakland,18,03-20-1952  (Pisces)
1981,ERA,Steve McCatty,Oakland,2.33,03-20-1954  (Pisces)
1981,Games,Doug Corbett,Minnesota,54,11-04-1952  (Scorpio)
1981,Saves,Rollie Fingers,Milwaukee,28,08-25-1946  (Virgo)
1981,Shutouts,Richard Dotson,Chicago,4,01-10-1959  (Capricorn)
1981,Strikeouts,Len Barker,Cleveland,127,07-07-1955  (Cancer)
1981,Winning Percentage,Pete Vuckovich,Milwaukee,.778,10-27-1952  (Scorpio)
1981,Wins,Dennis Martinez,Baltimore,14,05-14-1954  (Taurus)
1982,Complete Games,Dave Stieb,Toronto,19,07-22-1957  (Cancer)
1982,ERA,Rick Sutcliffe,Cleveland,2.96,06-21-1956  (Gemini)
1982,Games,Ed Vande Berg,Seattle,78,10-26-1958  (Scorpio)
1982,Saves,Dan Quisenberry,Kansas City,35,02-07-1953  (Aquarius)
1982,Shutouts,Dave Stieb,Toronto,5,07-22-1957  (Cancer)
1982,Strikeouts,Floyd Bannister,Seattle,209,06-10-1955  (Gemini)
1982,Winning Percentage,Pete Vuckovich,Milwaukee,.750,10-27-1952  (Scorpio)
1982,Wins,La Marr Hoyt,Chicago,19,01-01-1955  (Capricorn)
1983,Complete Games,Ron Guidry,New York,21,08-28-1950  (Virgo)
1983,ERA,Rick Honeycutt,Texas,2.42,06-29-1954  (Cancer)
1983,Games,Dan Quisenberry,Kansas City,69,02-07-1953  (Aquarius)
1983,Saves,Dan Quisenberry,Kansas City,45,02-07-1953  (Aquarius)
1983,Shutouts,Mike Boddicker,Baltimore,5,08-23-1957  (Virgo)
1983,Strikeouts,Jack Morris,Detroit,232,05-16-1955  (Taurus)
1983,Winning Percentage,Richard Dotson,Chicago,.759,01-10-1959  (Capricorn)
1983,Wins,La Marr Hoyt,Chicago,24,01-01-1955  (Capricorn)
1984,Complete Games,Charlie Hough,Texas,17,01-05-1948  (Capricorn)
1984,ERA,Mike Boddicker,Baltimore,2.79,08-23-1957  (Virgo)
1984,Games,Willie Hernandez,Detroit,80,11-14-1954  (Scorpio)
1984,Saves,Dan Quisenberry,Kansas City,44,02-07-1953  (Aquarius)
1984,Shutouts,Bob Ojeda,Boston,5,12-17-1957  (Sagittarius)
1984,Strikeouts,Mark Langston,Seattle,204,08-20-1960  (Leo)
1984,Winning Percentage,Doyle Alexander,Toronto,.739,09-04-1950  (Virgo)
1984,Wins,Mike Boddicker,Baltimore,20,08-23-1957  (Virgo)
1985,Complete Games,Bert Blyleven,Cleveland,24,04-06-1951  (Aries)
1985,ERA,Dave Stieb,Toronto,2.48,07-22-1957  (Cancer)
1985,Games,Dan Quisenberry,Kansas City,84,02-07-1953  (Aquarius)
1985,Saves,Dan Quisenberry,Kansas City,37,02-07-1953  (Aquarius)
1985,Shutouts,Bert Blyleven,Cleveland,5,04-06-1951  (Aries)
1985,Strikeouts,Bert Blyleven,Cleveland,206,04-06-1951  (Aries)
1985,Winning Percentage,Ron Guidry,New York,.786,08-28-1950  (Virgo)
1985,Wins,Ron Guidry,New York,22,08-28-1950  (Virgo)
1986,Complete Games,Tom Candiotti,Cleveland,17,08-31-1956  (Virgo)
1986,ERA,Roger Clemens,Boston,2.48,08-04-1962  (Leo)
1986,Games,Mitch Williams,Texas,80,11-17-1964  (Scorpio)
1986,Saves,Dave Righetti,New York,46,11-28-1958  (Sagittarius)
1986,Shutouts,Jack Morris,Detroit,6,05-16-1955  (Taurus)
1986,Strikeouts,Mark Langston,Seattle,245,08-20-1960  (Leo)
1986,Winning Percentage,Roger Clemens,Boston,.857,08-04-1962  (Leo)
1986,Wins,Roger Clemens,Boston,24,08-04-1962  (Leo)
1987,Complete Games,Roger Clemens,Boston,18,08-04-1962  (Leo)
1987,ERA,Jimmy Key,Toronto,2.76,04-22-1961  (Taurus)
1987,Games,Mark Eichhorn,Toronto,89,11-21-1960  (Scorpio)
1987,Saves,Tom Henke,Toronto,34,12-21-1957  (Sagittarius)
1987,Shutouts,Roger Clemens,Boston,7,08-04-1962  (Leo)
1987,Strikeouts,Mark Langston,Seattle,262,08-20-1960  (Leo)
1987,Winning Percentage,Roger Clemens,Boston,.690,08-04-1962  (Leo)
1987,Wins,Roger Clemens,Boston,20,08-04-1962  (Leo)
1988,Complete Games,Roger Clemens,Boston,14,08-04-1962  (Leo)
1988,ERA,Allan Anderson,Minnesota,2.45,01-07-1964  (Capricorn)
1988,Games,Chuck Crim,Milwaukee,70,07-23-1961  (Leo)
1988,Saves,Dennis Eckersley,Oakland,45,10-03-1954  (Libra)
1988,Shutouts,Roger Clemens,Boston,8,08-04-1962  (Leo)
1988,Strikeouts,Roger Clemens,Boston,291,08-04-1962  (Leo)
1988,Winning Percentage,Frank Viola,Minnesota,.774,04-19-1960  (Aries)
1988,Wins,Frank Viola,Minnesota,24,04-19-1960  (Aries)
1989,Complete Games,Bret Saberhagen,Kansas City,12,04-11-1964  (Aries)
1989,ERA,Bret Saberhagen,Kansas City,2.16,04-11-1964  (Aries)
1989,Games,Chuck Crim,Milwaukee,76,07-23-1961  (Leo)
1989,Saves,Jeff Russell,Texas,38,09-02-1961  (Virgo)
1989,Shutouts,Bert Blyleven,California,5,04-06-1951  (Aries)
1989,Strikeouts,Nolan Ryan,Texas,301,01-31-1947  (Aquarius)
1989,Winning Percentage,Bret Saberhagen,Kansas City,.793,04-11-1964  (Aries)
1989,Wins,Bret Saberhagen,Kansas City,23,04-11-1964  (Aries)
1990,Complete Games,Jack Morris,Detroit,11,05-16-1955  (Taurus)
1990,ERA,Roger Clemens,Boston,1.93,08-04-1962  (Leo)
1990,Games,Bobby Thigpen,Chicago,77,07-17-1963  (Cancer)
1990,Saves,Bobby Thigpen,Chicago,57,07-17-1963  (Cancer)
1990,Shutouts,Roger Clemens,Boston,4,08-04-1962  (Leo)
1990,Strikeouts,Nolan Ryan,Texas,269,01-31-1947  (Aquarius)
1990,Winning Percentage,Bob Welch,Oakland,.818,11-03-1956  (Scorpio)
1990,Wins,Bob Welch,Oakland,27,11-03-1956  (Scorpio)
1991,Complete Games,Jack McDowell,Chicago,15,01-16-1966  (Capricorn)
1991,ERA,Roger Clemens,Boston,2.62,08-04-1962  (Leo)
1991,Games,Duane Ward,Toronto,81,05-28-1964  (Gemini)
1991,Saves,Bryan Harvey,California,46,06-02-1963  (Gemini)
1991,Shutouts,Roger Clemens,Boston,4,08-04-1962  (Leo)
1991,Strikeouts,Roger Clemens,Boston,241,08-04-1962  (Leo)
1991,Winning Percentage,Scott Erickson,Minnesota,.714,02-02-1968  (Aquarius)
1991,Wins,Scott Erickson,Minnesota,20,02-02-1968  (Aquarius)
1992,Complete Games,Jack McDowell,Chicago,13,01-16-1966  (Capricorn)
1992,ERA,Roger Clemens,Boston,2.41,08-04-1962  (Leo)
1992,Games,Kenny Rogers,Texas,81,11-10-1964  (Scorpio)
1992,Saves,Dennis Eckersley,Oakland,51,10-03-1954  (Libra)
1992,Shutouts,Roger Clemens,Boston,5,08-04-1962  (Leo)
1992,Strikeouts,Randy Johnson,Seattle,241,09-10-1963  (Virgo)
1992,Winning Percentage,Mike Mussina,Baltimore,.783,12-08-1968  (Sagittarius)
1992,Wins,Kevin Brown,Texas,21,03-14-1965  (Pisces)
1993,Complete Games,Chuck Finley,California,13,11-26-1962  (Sagittarius)
1993,ERA,Kevin Appier,Kansas City,2.56,12-06-1967  (Sagittarius)
1993,Games,Greg Harris,Boston,80,11-02-1955  (Scorpio)
1993,Saves,Jeff Montgomery,Kansas City,45,01-07-1962  (Capricorn)
1993,Shutouts,Jack McDowell,Chicago,4,01-16-1966  (Capricorn)
1993,Strikeouts,Randy Johnson,Seattle,308,09-10-1963  (Virgo)
1993,Winning Percentage,Jimmy Key,New York,.750,04-22-1961  (Taurus)
1993,Wins,Jack McDowell,Chicago,22,01-16-1966  (Capricorn)
1994,Complete Games,Randy Johnson,Seattle,9,09-10-1963  (Virgo)
1994,ERA,Steve Ontiveros,Oakland,2.65,03-05-1961  (Pisces)
1994,Games,Bob Wickman,New York,53,02-06-1969  (Aquarius)
1994,Saves,Lee Smith,Baltimore,33,12-04-1957  (Sagittarius)
1994,Shutouts,Randy Johnson,Seattle,4,09-10-1963  (Virgo)
1994,Strikeouts,Randy Johnson,Seattle,204,09-10-1963  (Virgo)
1994,Winning Percentage,Jason Bere,Chicago,.857,05-26-1971  (Gemini)
1994,Wins,Jimmy Key,New York,17,04-22-1961  (Taurus)
1995,Complete Games,Jack McDowell,New York,8,01-16-1966  (Capricorn)
1995,ERA,Randy Johnson,Seattle,2.48,09-10-1963  (Virgo)
1995,Games,Jesse Orosco,Baltimore,65,04-21-1957  (Taurus)
1995,Saves,Jose Mesa,Cleveland,46,05-22-1966  (Gemini)
1995,Shutouts,Mike Mussina,Baltimore,4,12-08-1968  (Sagittarius)
1995,Strikeouts,Randy Johnson,Seattle,294,09-10-1963  (Virgo)
1995,Winning Percentage,Randy Johnson,Seattle,.900,09-10-1963  (Virgo)
1995,Wins,Mike Mussina,Baltimore,19,12-08-1968  (Sagittarius)
1996,Complete Games,Pat Hentgen,Toronto,10,11-13-1968  (Scorpio)
1996,ERA,Juan Guzman,Toronto,2.93,10-28-1966  (Scorpio)
1996,Games,Eddie Guardado,Minnesota,83,10-02-1970  (Libra)
1996,Saves,John Wetteland,New York,43,08-21-1966  (Leo)
1996,Shutouts,Pat Hentgen,Toronto,3,11-13-1968  (Scorpio)
1996,Strikeouts,Roger Clemens,Boston,257,08-04-1962  (Leo)
1996,Winning Percentage,Charles Nagy,Cleveland,.773,05-05-1967  (Taurus)
1996,Wins,Andy Pettitte,New York,21,06-15-1972  (Gemini)
1997,Complete Games,Roger Clemens,Toronto,9,08-04-1962  (Leo)
1997,ERA,Roger Clemens,Toronto,2.05,08-04-1962  (Leo)
1997,Games,Mike Myers,Detroit,88,06-26-1969  (Cancer)
1997,Saves,Randy Myers,Baltimore,45,09-19-1962  (Virgo)
1997,Shutouts,Roger Clemens,Toronto,3,08-04-1962  (Leo)
1997,Strikeouts,Roger Clemens,Toronto,292,08-04-1962  (Leo)
1997,Winning Percentage,Randy Johnson,Seattle,.833,09-10-1963  (Virgo)
1997,Wins,Roger Clemens,Toronto,21,08-04-1962  (Leo)
1998,Complete Games,Scott Erickson,Baltimore,11,02-02-1968  (Aquarius)
1998,ERA,Roger Clemens,Toronto,2.65,08-04-1962  (Leo)
1998,Games,Sean Runyan,Detroit,88,06-21-1974  (Gemini)
1998,Saves,Tom Gordon,Boston,46,11-18-1967  (Scorpio)
1998,Shutouts,David Wells,New York,5,05-20-1963  (Taurus)
1998,Strikeouts,Roger Clemens,Toronto,271,08-04-1962  (Leo)
1998,Winning Percentage,David Wells,New York,.818,05-20-1963  (Taurus)
1998,Wins,Roger Clemens,Toronto,20,08-04-1962  (Leo)
1999,Complete Games,David Wells,Toronto,7,05-20-1963  (Taurus)
1999,ERA,Pedro Martinez,Boston,2.07,10-25-1971  (Scorpio)
1999,Games,Buddy Groom,Oakland,76,07-10-1965  (Cancer)
1999,Saves,Mariano Rivera,New York,45,11-29-1969  (Sagittarius)
1999,Shutouts,Scott Erickson,Baltimore,3,02-02-1968  (Aquarius)
1999,Strikeouts,Pedro Martinez,Boston,313,10-25-1971  (Scorpio)
1999,Winning Percentage,Pedro Martinez,Boston,.852,10-25-1971  (Scorpio)
1999,Wins,Pedro Martinez,Boston,23,10-25-1971  (Scorpio)
2000,Complete Games,David Wells,Toronto,9,05-20-1963  (Taurus)
2000,ERA,Pedro Martinez,Boston,1.74,10-25-1971  (Scorpio)
2000,Games,Kelly Wunsch,Chicago,83,07-12-1972  (Cancer)
2000,Saves,Todd Jones,Detroit,42,04-24-1968  (Taurus)
2000,Shutouts,Pedro Martinez,Boston,4,10-25-1971  (Scorpio)
2000,Strikeouts,Pedro Martinez,Boston,284,10-25-1971  (Scorpio)
2000,Winning Percentage,Tim Hudson,Oakland,.769,07-14-1975  (Cancer)
2000,Wins,Tim Hudson,Oakland,20,07-14-1975  (Cancer)
2001,Complete Games,Steve Sparks,Detroit,8,07-02-1965  (Cancer)
2001,ERA,Freddy Garcia,Seattle,3.05,10-06-1976  (Libra)
2001,Games,Paul Quantrill,Toronto,80,11-03-1968  (Scorpio)
2001,Saves,Mariano Rivera,New York,50,11-29-1969  (Sagittarius)
2001,Shutouts,Mark Mulder,Oakland,4,08-05-1977  (Leo)
2001,Strikeouts,Hideo Nomo,Boston,220,08-31-1968  (Virgo)
2001,Winning Percentage,Roger Clemens,New York,.870,08-04-1962  (Leo)
2001,Wins,Mark Mulder,Oakland,21,08-05-1977  (Leo)
2002,Complete Games,Paul Byrd,Kansas City,7,12-03-1970  (Sagittarius)
2002,ERA,Pedro Martinez,Boston,2.26,10-25-1971  (Scorpio)
2002,Games,Billy Koch,Oakland,84,12-14-1974  (Sagittarius)
2002,Saves,Eddie Guardado,Minnesota,45,10-02-1970  (Libra)
2002,Shutouts,Jeff Weaver,New York,3,08-22-1976  (Leo)
2002,Strikeouts,Pedro Martinez,Boston,239,10-25-1971  (Scorpio)
2002,Winning Percentage,Pedro Martinez,Boston,.833,10-25-1971  (Scorpio)
2002,Wins,Barry Zito,Oakland,23,05-13-1978  (Taurus)
2003,Complete Games,Bartolo Colon,Chicago,9,05-24-1973  (Gemini)
2003,ERA,Pedro Martinez,Boston,2.22,10-25-1971  (Scorpio)
2003,Games,Trever Miller,Toronto,79,05-29-1973  (Gemini)
2003,Saves,Keith Foulke,Oakland,43,10-19-1972  (Libra)
2003,Shutouts,Roy Halladay,Toronto,2,05-14-1977  (Taurus)
2003,Strikeouts,Esteban Loaiza,Chicago,207,12-31-1971  (Capricorn)
2003,Winning Percentage,Roy Halladay,Toronto,.759,05-14-1977  (Taurus)
2003,Wins,Roy Halladay,Toronto,22,05-14-1977  (Taurus)
2004,Complete Games,Mark Mulder,Oakland,5,08-05-1977  (Leo)
2004,ERA,Johan Santana,Minnesota,2.61,03-13-1979  (Pisces)
2004,Games,Paul Quantrill,New York,86,11-03-1968  (Scorpio)
2004,Saves,Mariano Rivera,New York,53,11-29-1969  (Sagittarius)
2004,Shutouts,Jeremy Bonderman,Detroit,2,10-28-1982  (Scorpio)
2004,Strikeouts,Johan Santana,Minnesota,265,03-13-1979  (Pisces)
2004,Winning Percentage,Curt Schilling,Boston,.778,11-14-1966  (Scorpio)
2004,Wins,Curt Schilling,Boston,21,11-14-1966  (Scorpio)
2005,Complete Games,Roy Halladay,Toronto,5,05-14-1977  (Taurus)
2005,ERA,Kevin Millwood,Cleveland,2.86,12-24-1974  (Capricorn)
2005,Games,Mike Timlin,Boston,81,03-10-1966  (Pisces)
2005,Saves,Francisco Rodriguez,Los Angeles,45,01-07-1982  (Capricorn)
2005,Saves,Bob Wickman,Cleveland,45,02-06-1969  (Aquarius)
2005,Shutouts,Jon Garland,Chicago,3,09-27-1979  (Libra)
2005,Strikeouts,Johan Santana,Minnesota,238,03-13-1979  (Pisces)
2005,Winning Percentage,Cliff Lee,Cleveland,.783,08-30-1978  (Virgo)
2005,Wins,Bartolo Colon,Los Angeles,21,05-24-1973  (Gemini)
2006,Complete Games,C.C. Sabathia,Cleveland,6,07-21-1980  (Cancer)
2006,ERA,Johan Santana,Minnesota,2.77,03-13-1979  (Pisces)
2006,Games,Scott Proctor,New York,83,01-02-1977  (Capricorn)
2006,Saves,Francisco Rodriguez,Los Angeles,47,01-07-1982  (Capricorn)
2006,Shutouts,John Lackey,Los Angeles,2,10-23-1978  (Libra)
2006,Strikeouts,Johan Santana,Minnesota,245,03-13-1979  (Pisces)
2006,Winning Percentage,Roy Halladay,Toronto,.762,05-14-1977  (Taurus)
2006,Wins,Johan Santana,Minnesota,19,03-13-1979  (Pisces)
2007,Complete Games,Roy Halladay,Toronto,7,05-14-1977  (Taurus)
2007,ERA,John Lackey,Los Angeles,3.01,10-23-1978  (Libra)
2007,Games,Jamie Walker,Baltimore,81,07-01-1971  (Cancer)
2007,Saves,Joe Borowski,Cleveland,45,05-04-1971  (Taurus)
2007,Shutouts,Paul Byrd,Cleveland,2,12-03-1970  (Sagittarius)
2007,Strikeouts,Scott Kazmir,Tampa Bay,239,01-24-1984  (Aquarius)
2007,Winning Percentage,Justin Verlander,Detroit,.762,02-20-1983  (Pisces)
2007,Wins,Josh Beckett,Boston,20,05-15-1980  (Taurus)
2008,Complete Games,Roy Halladay,Toronto,9,05-14-1977  (Taurus)
2008,ERA,Cliff Lee,Cleveland,2.54,08-30-1978  (Virgo)
2008,Games,Matt Guerrier,Minnesota,76,08-02-1978  (Leo)
2008,Saves,Francisco Rodriguez,Los Angeles,62,01-07-1982  (Capricorn)
2008,Shutouts,Matt Garza,Tampa Bay,2,11-26-1983  (Sagittarius)
2008,Strikeouts,A.J. Burnett,Toronto,231,01-03-1977  (Capricorn)
2008,Winning Percentage,Cliff Lee,Cleveland,.880,08-30-1978  (Virgo)
2008,Wins,Cliff Lee,Cleveland,22,08-30-1978  (Virgo)
2009,Complete Games,Roy Halladay,Toronto,9,05-14-1977  (Taurus)
2009,ERA,Zack Greinke,Kansas City,2.16,10-21-1983  (Libra)
2009,Games,Matt Guerrier,Minnesota,79,08-02-1978  (Leo)
2009,Saves,Brian Fuentes,Los Angeles,48,08-09-1975  (Leo)
2009,Shutouts,Roy Halladay,Toronto,4,05-14-1977  (Taurus)
2009,Strikeouts,Justin Verlander,Detroit,269,02-20-1983  (Pisces)
2009,Winning Percentage,Felix Hernandez,Seattle,.792,04-08-1986  (Aries)
2009,Wins,Felix Hernandez,Seattle,19,04-08-1986  (Aries)
2010,Complete Games,Cliff Lee,Seattle / Texas,7,08-30-1978  (Virgo)
2010,ERA,Felix Hernandez,Seattle,2.27,04-08-1986  (Aries)
2010,Games,Randy Choate,Tampa Bay,85,09-05-1975  (Virgo)
2010,Saves,Rafael Soriano,Tampa Bay,45,12-19-1979  (Sagittarius)
2010,Shutouts,Dallas Braden,Oakland,2,08-13-1983  (Leo)
2010,Strikeouts,Jered Weaver,Los Angeles,233,10-04-1982  (Libra)
2010,Winning Percentage,Tommy Hunter,Texas,.765,07-03-1986  (Cancer)
2010,Wins,C.C. Sabathia,New York,21,07-21-1980  (Cancer)
2011,Complete Games,James Shields,Tampa Bay,11,12-20-1981  (Sagittarius)
2011,ERA,Justin Verlander,Detroit,2.40,02-20-1983  (Pisces)
2011,Games,Jose Valverde,Detroit,75,03-24-1978  (Aries)
2011,Saves,Jose Valverde,Detroit,49,03-24-1978  (Aries)
2011,Shutouts,Derek Holland,Texas,4,10-09-1986  (Libra)
2011,Strikeouts,Justin Verlander,Detroit,250,02-20-1983  (Pisces)
2011,Winning Percentage,Justin Verlander,Detroit,.828,02-20-1983  (Pisces)
2011,Wins,Justin Verlander,Detroit,24,02-20-1983  (Pisces)
2012,Complete Games,Justin Verlander,Detroit,6,02-20-1983  (Pisces)
2012,ERA,David Price,Tampa Bay,2.56,08-26-1985  (Virgo)
2012,Games,Boone Logan,New York,80,08-13-1984  (Leo)
2012,Saves,Jim Johnson,Baltimore,51,06-27-1983  (Cancer)
2012,Shutouts,Felix Hernandez,Seattle,5,04-08-1986  (Aries)
2012,Strikeouts,Justin Verlander,Detroit,239,02-20-1983  (Pisces)
2012,Winning Percentage,David Price,Tampa Bay,.800,08-26-1985  (Virgo)
2012,Wins,David Price,Tampa Bay,20,08-26-1985  (Virgo)
2013,Complete Games,David Price,Tampa Bay,4,08-26-1985  (Virgo)
2013,ERA,Anibal Sanchez,Detroit,2.57,02-27-1984  (Pisces)
2013,Games,Joel Peralta,Tampa Bay,80,03-23-1976  (Aries)
2013,Saves,Jim Johnson,Baltimore,50,06-27-1983  (Cancer)
2013,Shutouts,Bartolo Colon,Oakland,3,05-24-1973  (Gemini)
2013,Strikeouts,Yu Darvish,Texas,277,08-16-1986  (Leo)
2013,Winning Percentage,Max Scherzer,Detroit,.875,07-27-1984  (Leo)
2013,Wins,Max Scherzer,Detroit,21,07-27-1984  (Leo)
2014,Complete Games,Dallas Keuchel,Houston,5,01-01-1988  (Capricorn)
2014,ERA,Felix Hernandez,Seattle,2.14,04-08-1986  (Aries)
2014,Games,Bryan Shaw,Cleveland,80,11-08-1987  (Scorpio)
2014,Saves,Fernando Rodney,Seattle,48,03-18-1977  (Pisces)
2014,Shutouts,Rick Porcello,Detroit,3,12-27-1988  (Capricorn)
2014,Strikeouts,David Price,Tampa Bay / Detroit,271,08-26-1985  (Virgo)
2014,Winning Percentage,Max Scherzer,Detroit,.783,07-27-1984  (Leo)
2014,Wins,Corey Kluber,Texas,18,04-10-1986  (Aries)
2015,Complete Games,Mark Buehrle,Toronto,4,03-23-1979  (Aries)
2015,ERA,David Price,Detroit / Toronto,2.45,08-26-1985  (Virgo)
2015,Games,Kevin Jepsen,Tampa Bay / Minnesota,75,07-26-1984  (Leo)
2015,Saves,Brad Boxberger,Tampa Bay,41,05-27-1988  (Gemini)
2015,Shutouts,Sonny Gray,Oakland,2,11-07-1989  (Scorpio)
2015,Strikeouts,Chris Sale,Chicago,274,03-30-1989  (Aries)
2015,Winning Percentage,David Price,Detroit / Toronto,.783,08-26-1985  (Virgo)
2015,Wins,Dallas Keuchel,Houston,20,01-01-1988  (Capricorn)
2016,Complete Games,Chris Sale,Chicago,6,03-30-1989  (Aries)
2016,ERA,Aaron Sanchez,Toronto,3.00,07-01-1992  (Cancer)
2016,Games,Bryan Shaw,Cleveland,75,11-08-1987  (Scorpio)
2016,Saves,Zach Britton,Baltimore,47,12-22-1987  (Capricorn)
2016,Shutouts,Corey Kluber,Cleveland,2,04-10-1986  (Aries)
2016,Strikeouts,Justin Verlander,Detroit,254,04-10-1986  (Aries)
2016,Winning Percentage,Aaron Sanchez,Toronto,.882,07-01-1992  (Cancer)
2016,Wins,Rick Porcello,Boston,22,12-27-1988  (Capricorn)
2017,Complete Games,Corey Kluber,Cleveland Indians,5,04-10-1986  (Aries)
2017,Complete Games,Ervin Santana,Minnesota Twins,5,01-10-1983  (Capricorn)
2017,ERA,Corey Kluber,Cleveland Indians,2.25,04-10-1986  (Aries)
2017,Games,Bryan Shaw,Cleveland Indians,79,11-08-1987  (Scorpio)
2017,Saves,Alex Colome,Tampa Bay Rays,46,12-31-1988  (Capricorn)
2017,Shutouts,Corey Kluber,Cleveland Indians,3,04-10-1986  (Aries)
2017,Shutouts,Ervin Santana,Minnesota Twins,3,01-10-1983  (Capricorn)
2017,Strikeouts,Chris Sale,Boston Red Sox,308,03-30-1989  (Aries)
2017,Winning Percentage,Corey Kluber,Cleveland Indians,.818,04-10-1986  (Aries)
2017,Wins,Carlos Carrasco,Cleveland Indians,18,03-21-1987  (Aries)
2017,Wins,Corey Kluber,Cleveland Indians,18,04-10-1986  (Aries)
2017,Wins,Jason Vargas,Kansas City Royals,18,02-02-1983  (Aquarius)
2018,Complete Games,Jose Berrios,Minnesota Twins,2,05-27-1994  (Gemini)
2018,Complete Games,Carlos Carrasco,Cleveland Indians,2,03-21-1987  (Aries)
2018,Complete Games,Corey Kluber,Cleveland Indians,2,04-10-1986  (Aries)
2018,Complete Games,James Paxton,Seattle Mariners,2,11-06-1988  (Scorpio)
2018,ERA,Blake Snell,Tampa Bay Rays,1.89,12-04-1992  (Sagittarius)
2018,Games,Ryan Pressly,Minnesota Twins,77,12-15-1988  (Sagittarius)
2018,Saves,Edwin Diaz,Seattle Mariners,57,03-22-1994  (Aries)
2018,Shutouts,Jose Berrios,Minnesota Twins,1,05-27-1994  (Gemini)
2018,Shutouts,Mike Clevinger,Cleveland Indians,1,12-21-1990  (Sagittarius)
2018,Shutouts,Gerrit Cole,Houston Astros,1,09-08-1990  (Virgo)
2018,Shutouts,Andrew Heaney,Los Angeles Angels,1,06-05-1991  (Gemini)
2018,Shutouts,Corey Kluber,Cleveland Indians,1,04-10-1986  (Aries)
2018,Shutouts,Sean Manaea,Oakland Athletics,1,02-01-1992  (Aquarius)
2018,Shutouts,Daniel Mengden,Oakland Athletics,1,02-19-1993  (Pisces)
2018,Shutouts,James Paxton,Seattle Mariners,1,11-06-1988  (Scorpio)
2018,Shutouts,Luis Severino,New York Yankees,1,02-20-1994  (Pisces)
2018,Shutouts,Masahiro Tanaka,New York Yankees,1,11-01-1988  (Scorpio)
2018,Shutouts,Justin Verlander,Houston Astros,1,02-20-1983  (Pisces)
2018,Strikeouts,Justin Verlander,Houston Astros,290,02-20-1983  (Pisces)
2018,Winning Percentage,Charlie Morton,Houston Astros,.833,11-12-1983  (Scorpio)
2018,Wins,Blake Snell,Tampa Bay Rays,21,12-04-1992  (Sagittarius)
2019,Complete Games,Shane Bieber,Cleveland Indians,3,05-31-1995  (Gemini)
2019,Complete Games,Lucas Giolito,Chicago White Sox,3,07-14-1994  (Cancer)
2019,ERA,Gerrit Cole,Houston Astros,2.50,09-08-1990  (Virgo)
2019,Games,Yusmeiro Petit,Oakland Athletics,80,11-22-1984  (Scorpio)
2019,Saves,Roberto Osuna,Houston Astros,38,02-07-1995  (Aquarius)
2019,Shutouts,Shane Bieber,Cleveland Indians,2,05-31-1995  (Gemini)
2019,Shutouts,Lucas Giolito,Chicago White Sox,2,07-14-1994  (Cancer)
2019,Strikeouts,Gerrit Cole,Houston Astros,326,09-08-1990  (Virgo)
2019,Winning Percentage,Gerrit Cole,Houston Astros,.800,09-08-1990  (Virgo)
2019,Wins,Justin Verlander,Houston Astros,21,02-20-1983  (Pisces)
2020,Complete Games,Gerrit Cole,New York Yankees,2,09-08-1990  (Virgo)
2020,ERA,Shane Bieber,Cleveland Indians,1.63,05-31-1995  (Gemini)
2020,Games,Scott Barlow,Kansas City Royals,32,12-18-1992  (Sagittarius)
2020,Saves,Brad Hand,Cleveland Indians,16,03-20-1990  (Pisces)
2020,Shutouts,Gerrit Cole,New York Yankees,1,09-08-1990  (Virgo)
2020,Shutouts,Kyle Gibson,Texas Rangers,1,10-23-1987  (Scorpio)
2020,Shutouts,Lucas Giolito,Chicago White Sox,1,07-14-1994  (Cancer)
2020,Shutouts,Brad Keller,Kansas City Royals,1,07-27-1995  (Leo)
2020,Shutouts,Mike Minor,Oakland Athletics,1,12-26-1987  (Capricorn)
2020,Strikeouts,Shane Bieber,Cleveland Indians,122,05-31-1995  (Gemini)
2020,Winning Percentage,Shane Bieber,Cleveland Indians,.889,05-31-1995  (Gemini)
2020,Wins,Shane Bieber,Cleveland Indians,8,05-31-1995  (Gemini)
2021,Complete Games,Gerrit Cole,New York Yankees,2,09-08-1990  (Virgo)
2021,Complete Games,Sean Manaea,Oakland Athletics,2,02-01-1992  (Aquarius)
2021,ERA,Robbie Ray,Toronto Blue Jays,2.84,10-01-1991  (Libra)
2021,Games,Bryan Shaw,Cleveland Indians,81,11-08-1987  (Scorpio)
2021,Saves,Liam Hendriks,Chicago White Sox,38,02-10-1989  (Aquarius)
2021,Shutouts,Sean Manaea,Oakland Athletics,2,02-01-1992  (Aquarius)
2021,Strikeouts,Robbie Ray,Toronto Blue Jays,248,10-01-1991  (Libra)
2021,Winning Percentage,"Lance McCullers, Jr.",Houston Astros,.722,10-02-1993  (Libra)
2021,Wins,Gerrit Cole,New York Yankees,16,09-08-1990  (Virgo)
2022,Complete Games,Framber Valdez,Houston Astros,3,11-19-1993  (Scorpio)
2022,ERA,Justin Verlander,Houston Astros,1.75,02-20-1983  (Pisces)
2022,Games,Adam Cimber,Toronto Blue Jays,77,08-15-1990  (Leo)
2022,Games,Emmanuel Clase,Cleveland Guardians,77,03-18-1998  (Pisces)
2022,Saves,Emmanuel Clase,Cleveland Guardians,42,03-18-1998  (Pisces)
2022,Shutouts,Dylan Cease,Chicago White Sox,1,12-28-1995  (Capricorn)
2022,Shutouts,Nestor Cortes,New York Yankees,1,12-10-1994  (Sagittarius)
2022,Shutouts,Reid Detmers,Los Angeles Angels,1,07-08-1999  (Cancer)
2022,Shutouts,Nathan Eovaldi,Boston Red Sox,1,02-13-1990  (Aquarius)
2022,Shutouts,Dean Kremer,Baltimore Orioles,1,01-07-1996  (Capricorn)
2022,Shutouts,Martn Prez,Texas Rangers,1,04-04-1991  (Aries)
2022,Shutouts,Patrick Sandoval,Los Angeles Angels,1,10-18-1996  (Libra)
2022,Shutouts,Framber Valdez,Houston Astros,1,11-19-1993  (Scorpio)
2022,Shutouts,Michael Wacha,Boston Red Sox,1,07-01-1991  (Cancer)
2022,Strikeouts,Corbin Burnes,Milwaukee Brewers,243,10-22-1994  (Libra)
2022,Winning Percentage,Justin Verlander,Houston Astros,.818,02-20-1983  (Pisces)
2022,Wins,Justin Verlander,Houston Astros,18,02-20-1983  (Pisces)
2023,Complete Games,Jordan Lyles,Kansas City Royals,3,10-19-1990  (Libra)
2023,ERA,Gerrit Cole,New York Yankees,2.63,09-08-1990  (Virgo)
2023,Games,Matt Brash,Seattle Mariners,78,05-12-1998  (Taurus)
2023,Saves,Emmanuel Clase,Cleveland Guardians,44,03-18-1998  (Pisces)
2023,Shutouts,Gerrit Cole,New York Yankees,2,09-08-1990  (Virgo)
2023,Shutouts,Framber Valdez,Houston Astros,2,11-19-1993  (Scorpio)
2023,Strikeouts,Kevin Gausman,Toronto Blue Jays,237,01-06-1991  (Capricorn)
2023,Winning Percentage,Gerrit Cole,New York Yankees,.789,09-08-1990  (Virgo)
2023,Wins,Chris Bassitt,Toronto Blue Jays,16,02-22-1989  (Pisces)
2023,Wins,Zach Eflin,Tampa Bay Rays,16,04-08-1994  (Aries)
2024,Complete Games,Kevin Gausman,Toronto,2,01-06-1991  (Capricorn)
2024,ERA,Tarik Skubal,Detroit,2.39,11-20-1996  (Scorpio)
2024,Games,T.J. McFarland,Oakland,79,06-08-1989  (Gemini)
2024,Saves,Emmanuel Clase,Cleveland,47,03-18-1998  (Pisces)
2024,Shutouts,Ronel Blanco,Houston,1,08-31-1993  (Virgo)
2024,Shutouts,Joey Estes,Oakland,1,10-08-2001  (Libra)
2024,Shutouts,Kevin Gausman,Toronto,1,01-06-1991  (Capricorn)
2024,Shutouts,Tanner Houck,Boston,1,06-29-1996  (Cancer)
2024,Shutouts,Keider Montero,Detroit,1,07-06-2000  (Cancer)
2024,Strikeouts,Tarik Skubal,Detroit,228,11-20-1996  (Scorpio)
2024,Winning Percentage,Tarik Skubal,Detroit,.818,11-20-1996  (Scorpio)
2024,Wins,Tarik Skubal,Detroit,18,11-20-1996  (Scorpio)
